{"initial_reset_timestamp": 1574158924.4570127, "timestamps": [1574158929.59167], "episode_lengths": [100], "episode_rewards": [-1132.286572445246], "episode_types": ["t"]}